Company Name,Website,City,Segment,What They Make,Revenue Band,Decision Maker,C1 Score,C1 Evidence,C2 Score,C2 Evidence,C3 Score,C3 Evidence,C4 Score,C4 Evidence,C5 Score,C5 Evidence,C6 Score,C6 Evidence,Federer Score,Score Band,Verdict,Personalization Hook,Final Selection
Alkali Metals Limited,alkalimetals.com,Hyderabad,Custom synthesis / specialty chemicals,"Niche heterocyclic compounds - tetrazoles, pyridine derivatives, specialty sodium and potassium metal derivatives for pharma and agrochem intermediates",Rs.50-100Cr,Y.S.R. Venkata Rao (MD Gen-2),Strong,As per company website and BSE filings: in-house manufacturing facilities in Hyderabad and Vizag producing specialty chemical intermediates. Not a trader or service company.,Strong,HQ in Hyderabad. Manufacturing units in Hyderabad and Vizag per MCA registration records.,Strong,"USFDA-approved manufacturing unit (Vizag). Founded 1968 with accumulated tetrazole and pyridine chemistry - multi-step complex syntheses not replicable by commodity manufacturers. Board includes Dr. J.S. Yadav, former Director IICT Hyderabad.",Strong,"Gen-2 MD Y.S.R. Venkata Rao holds B.E. Mechanical + Fellow of Institution of Engineers India (IEI). Board includes Dr. J.S. Yadav (ex-Director, IICT Hyderabad) - one of India's top organic chemists.",Moderate,Specialty chemicals benefit from China+1 and pharma supply chain diversification. Tetrazoles and pyridines are pharma intermediate niche - tailwind is real but segment-specific rather than macro-level.,Moderate,USFDA approval for Vizag unit is a recent certification signal. Revenue Rs.82Cr and growing per BSE filings. One confirmed signal (certification); growth rate not readily quantified.,80,A - Strong Federer,Pass,56-year-old specialty chemicals company that just secured USFDA approval for their Vizag unit - one of very few Indian manufacturers of tetrazole derivatives with a former IICT Director on the board.,Yes
ABR Organics,abrorganics.net,Hyderabad,Specialty chemicals / advanced materials,"Polyimide films and resins for space and defence applications, specialty monomers, high-performance polymers for ISRO programs",<Rs.50Cr,"Dr. K.V.C. Rao (Founder); Co-founder Dr. Dinesh Bothra (PhD, Lehigh University USA)",Strong,As per company website: manufacturing facility in Hyderabad producing specialty polymer products in-house. DSIR-recognized R&D laboratory on-site.,Strong,HQ and manufacturing in Hyderabad per company website and MCA registered address.,Strong,"DSIR-recognized R&D lab. Polyimide films for space/defence - extremely niche, high-barrier chemistry. Supplies ISRO programs. One of very few Indian manufacturers of space-grade polyimides.",Strong,"Both co-founders hold PhDs: Dr. K.V.C. Rao is ex-ISRO scientist; Dr. Dinesh Bothra holds PhD from Lehigh University, USA. Scientist-founded company with research pedigree running through leadership.",Moderate,"Specialty materials for space/defence benefit from IN-SPACe policy and defence indigenization tailwinds. However, polyimide niche is small and growth depends on ISRO program timelines.",Weak,"Company website references ISO 9001:2008 (not updated to current 2015 standard). No visible recent news, hiring activity, or expansion announcements in 2023-2025. Zero growth signals met.",70,B - Probable Federer,Borderline,Co-founders are ex-ISRO and Lehigh PhD scientists running one of the only Indian manufacturers of polyimide films for space applications - DSIR-recognized R&D lab supplying ISRO programs directly.,Yes
ViNS Bioproducts,vinsbio.in,Hyderabad,Specialty biotech / antivenoms & antisera,"Antivenoms (snake, scorpion), anti-rabies serum, anti-tetanus serum, anti-diphtheria serum - equine-plasma-derived biologics",Rs.30-50Cr,Siddarth Daga (Executive Director),Strong,As per company website: 150-acre equine farm in Telangana for plasma sourcing. In-house manufacturing of finished biological products. Vertically integrated from horse plasma to finished antisera.,Strong,HQ and manufacturing in Telangana. 150-acre equine facility in Telangana per company website.,Strong,"PIC/s approved manufacturing (stringent international regulatory standard). Only Indian company in several antisera categories. Exports to 110+ countries. Supplies WHO, UNICEF, UNDP. Equine plasma biologics require deep domain expertise impossible to replicate quickly.",Moderate,Siddarth Daga is active in life sciences industry panels per public records. Family-led (Daga family). Specific technical academic credentials not publicly confirmed - scored Moderate based on operational competence signals rather than confirmed degree pedigree.,Strong,Antivenom and antisera demand growing globally. WHO has designated snakebite a neglected tropical disease priority. India carries world's largest snakebite burden. Government immunization programs expanding.,Moderate,PIC/s approval is a recent certification signal. Exports to 110+ countries and WHO/UNICEF supply are established. Revenue ~Rs.44Cr. One confirmed signal (certification); steady international expansion but not rapid scaling.,80,A - Strong Federer,Pass,"Only Indian manufacturer PIC/s-approved for antivenoms - supplying WHO and UNICEF across 110+ countries from a vertically integrated equine biologics platform in Telangana, covering species no other Indian manufacturer serves.",Yes
Unique Biotech Limited,uniquebiotech.com,Hyderabad,Specialty biotech / probiotics,"Probiotic formulations, micro-encapsulated probiotics, fermentation-derived ingredients for pharma, nutraceutical, and food industries",Rs.30-50Cr,G. Sambasiva Rao (Founder & MD),Strong,As per company website: in-house fermentation facility and manufacturing plant in Hyderabad producing finished probiotic ingredients and formulations. Not a trading or distribution company.,Strong,HQ and manufacturing in Hyderabad per company website and MCA filings.,Strong,ISO 22000 and GMP certified. Proprietary micro-encapsulation technology for probiotic stability. Exports to international nutraceutical markets. One of few Indian companies with dedicated probiotic fermentation and encapsulation capability.,Strong,Founder G. Sambasiva Rao holds advanced scientific credentials in microbiology/biotechnology per company website. Scientist-founder who built the company around fermentation technology.,Strong,Probiotics market growing at 8-10% CAGR globally. India positioned as a manufacturing hub for probiotic ingredients. China+1 diversification by international nutraceutical brands benefiting Indian manufacturers. Export demand rising.,Strong,Active export growth to international markets per company website. ISO 22000 certification and GMP approvals are confirmed. Website shows active product updates and press section. Three signals confirmed: Certifications + Financial growth + Website activity.,90,A - Strong Federer,Strong Pass,Founder-built probiotic fermentation company in Hyderabad with proprietary micro-encapsulation technology - one of the few Indian players exporting stabilised probiotic ingredients to international pharma and nutraceutical brands.,Yes
Sanzyme Biologics,sanzymebiologics.com,Hyderabad,Specialty biotech / probiotics & enzymes,"Probiotic cultures, enzyme preparations, fermentation-based biologics for pharma and food applications",Rs.50-100Cr,K. Bhaskar (MD),Strong,As per company website: in-house fermentation and manufacturing facilities in Hyderabad. Produces finished probiotic and enzyme products. Not a services or distribution company.,Strong,HQ and manufacturing operations in Hyderabad per company website.,Strong,WHO-GMP certified manufacturing. Exports to regulated international markets. Proprietary fermentation strains and enzyme production capability. Established supplier to domestic pharma companies.,Strong,K. Bhaskar (MD) has technical background in life sciences per company records. Leadership built around fermentation science expertise.,Strong,Probiotics and enzyme biologics benefit from global nutraceutical and pharma demand growth. India positioned as low-cost fermentation manufacturing hub. China+1 beneficiary for international supply chains.,Strong,WHO-GMP certification is a confirmed regulatory signal. Active exports to international markets. Website shows updated product portfolio and recent press activity. Two confirmed signals: Certifications + Website activity.,85,A - Strong Federer,Strong Pass,WHO-GMP certified probiotic and enzyme manufacturer in Hyderabad with proprietary fermentation strains - positioned as a China+1 supplier to international pharma companies seeking Indian-made biologics.,Yes
Avon Organics,avonorganics.net,Hyderabad,Custom synthesis / specialty chemicals,"Specialty pharmaceutical intermediates, fine chemicals, custom synthesis for regulated pharma markets",Rs.50-100Cr,Promoter-led (Founder family),Strong,As per company website: manufacturing facilities in Hyderabad producing specialty pharmaceutical intermediates and fine chemicals in-house. Not a CRO or CDMO services company.,Strong,HQ and manufacturing in Hyderabad per company website and MCA registration.,Strong,USFDA-inspected manufacturing facility. Produces pharma intermediates for regulated markets. Custom synthesis of complex molecules for international innovator pharma companies.,Moderate,Promoter-led company. Specific founder technical credentials not fully confirmed in public sources - scored Moderate on evidence of technical academic background.,Strong,Pharma intermediates benefit strongly from China+1 diversification. International innovator companies actively seeking Indian alternative suppliers. Make-in-India pharma policy support.,Moderate,USFDA inspection is a certification signal. Active export business per company website. One confirmed signal (certifications). Revenue growth trajectory not independently quantified.,75,B - Probable Federer,Pass,USFDA-inspected pharma intermediate manufacturer in Hyderabad offering custom synthesis for regulated markets - positioned directly in the China+1 sourcing wave as global innovator pharma reduces China dependence.,
Metrochem API,metrochemapi.com,Hyderabad,Specialty chemicals / pharma intermediates,API and pharma intermediate manufacturing for generic and specialty pharma companies,Rs.50-100Cr,Promoter-led,Strong,As per company website: dedicated API and intermediate manufacturing plant in Hyderabad. In-house production of pharmaceutical-grade active ingredients and intermediates.,Strong,HQ and manufacturing in Hyderabad per company website.,Strong,USFDA-approved manufacturing facility per company website. Regulated API manufacturing with DMF filings. Supplies both domestic and export pharma markets.,Moderate,Promoter-led but specific technical credentials of leadership not confirmed in public sources. Scored Moderate based on presence of technical manufacturing operations rather than confirmed founder academic background.,Strong,"API manufacturing benefits from China+1, PLI scheme for pharma, and growing global demand for India-made active ingredients. Significant government policy tailwind.",Strong,USFDA approval (certification signal) confirmed. Active DMF filings for export markets (financial/export growth signal). Website shows updated product listings. Two confirmed signals: Certifications + Website activity.,80,A - Strong Federer,Pass,USFDA-approved API manufacturer in Hyderabad with active DMF filings for global markets - benefiting directly from international pharma companies' drive to dual-source APIs away from China.,
Vasant Chemicals,vasantchemicals.com,Hyderabad,Specialty chemicals,"Specialty inorganic chemicals, chlorine-based derivatives, industrial chemicals for pharma and industrial applications",Rs.50-100Cr,Promoter-led (founding family),Strong,As per company website: in-house chemical manufacturing plant producing specialty inorganic chemicals. Not a trading or distribution company.,Strong,HQ and manufacturing in Hyderabad per company website and MCA records.,Moderate,Specialty inorganic and chlorine-based chemicals. Some technical complexity in process chemistry. Not a commodity bulk chemical - serves pharma and regulated industrial customers requiring consistent specifications.,Moderate,Promoter-led founding family. Technical credentials of current leadership not fully confirmed in public sources.,Moderate,Industrial chemicals for pharma benefit from domestic pharma growth. Some China+1 relevance but less pronounced than organic pharma intermediates.,Moderate,Active operations per website. One growth signal visible. Revenue in target band per industry estimates.,65,B - Probable Federer,Pass,Hyderabad-based specialty inorganic chemical manufacturer supplying pharma-grade chlorine derivatives to domestic pharmaceutical companies - serving a quiet but consistent input demand.,
Krebs Biochemicals,krebsbiochemicals.com,Hyderabad,Specialty chemicals / pharma,"Specialty pharma intermediates, APIs, and biochemicals for regulated domestic and export markets",Rs.50-100Cr,K.V. Raghavendra Rao (MD & Promoter),Strong,As per BSE filings and company website: in-house manufacturing facility in Hyderabad producing pharma intermediates and APIs. Listed on BSE - financials publicly available.,Strong,HQ and manufacturing in Hyderabad per BSE annual report and company website.,Strong,USFDA-approved manufacturing facility. Exports to regulated international markets. BSE-listed - compliance-grade operations. Specialty intermediates requiring multi-step synthesis.,Strong,K.V. Raghavendra Rao (MD) has technical background in chemistry and pharmaceutical sciences per company records and BSE filings. Promoter-driven with technical pedigree.,Strong,Pharma intermediates in strong China+1 tailwind. PLI scheme support. Growing international demand for India-sourced regulated APIs and intermediates.,Strong,BSE filings show revenue growth trajectory. USFDA approval confirmed (certification). Active export markets (financial/export signal). Website updated with product portfolio. Three confirmed signals: Certifications + Financial + Website.,90,A - Strong Federer,Strong Pass,"BSE-listed, USFDA-approved pharma intermediate manufacturer in Hyderabad - promoter-led with technical MD, growing export book, and positioned directly in the China+1 sourcing trend reshaping global pharma supply chains.",
Lazuline Biotech,lazulinebio.com,Hyderabad,Specialty biotech / recombinant proteins,Recombinant Human Serum Albumin (rHSA) using Pichia pastoris expression system; specialty recombinant proteins for biopharma,<Rs.50Cr,"Prasad Kandimalla (Co-founder, scientist-led)",Strong,As per company website: in-house recombinant protein production facility in Hyderabad. Uses Pichia pastoris fermentation system for rHSA production. Not a services company.,Strong,"HQ in Jubilee Hills, Hyderabad per company website and MCA filings.",Strong,"Recombinant HSA production in Pichia pastoris is a rare global capability - most biopharma companies still source from China/Europe. Deep biotech IP in expression system optimization. Highly technical, high-barrier manufacturing.",Strong,Prasad Kandimalla (co-founder) has scientist background in biotechnology per company records. Technical pedigree embedded in the founding team.,Strong,Biologics and biosimilars market growing rapidly. China+1 in biopharma - rHSA is a critical excipient. India's biomanufacturing push under National Biopharma Mission.,Moderate,Company is in a strong biotech tailwind but limited visible expansion signals in 2024-2025. Revenue small (~Rs.33Cr). One moderate growth signal from website activity. Scored Moderate.,85,A - Strong Federer,Pass,One of very few companies globally producing recombinant Human Serum Albumin in Pichia pastoris - a capability that biopharma companies are actively seeking to dual-source away from Chinese suppliers.,
Clonz Biotech,clonzbiotech.com,Hyderabad,Specialty biotech / diagnostics,"Diagnostic reagents, antibodies, recombinant antigens, immunological products for IVD manufacturers and research",<Rs.50Cr,Promoter-scientist founder,Strong,"As per company website: in-house production of diagnostic reagents, antibodies, and recombinant antigens in Hyderabad. Manufacturing facility confirmed on company website.",Strong,HQ and manufacturing in Hyderabad per company website.,Strong,Recombinant antigen and antibody production for IVD industry - highly specialized biotech manufacturing. Supplies IVD kit manufacturers requiring custom diagnostic components. Technical barrier in protein expression and quality control.,Strong,Scientist-founded company with technical leadership in biotechnology per company website. Founder background in immunology/biotechnology disciplines.,Strong,Diagnostics and IVD manufacturing growing post-COVID. India IVD market expanding with government push for domestic diagnostics. China+1 in diagnostic antigen supply.,Moderate,Active product portfolio on website. One growth signal visible from website updates. Company operating in growing segment but limited publicly confirmed expansion or hiring signals.,80,A - Strong Federer,Pass,Hyderabad-based manufacturer of recombinant antigens and antibodies for IVD companies - serving the upstream supply chain of diagnostic kit manufacturers who need custom immunological components made in India.,
Globion India,globionindia.com,Hyderabad,Specialty biotech / veterinary biologics,"Veterinary vaccines, poultry biologics, animal health biologics - Marek's disease vaccine, Newcastle disease vaccine",Rs.30-50Cr,Promoter-led (founding team),Strong,As per company website: dedicated veterinary biologics manufacturing facility in Hyderabad with cell culture and fermentation capabilities. Produces finished veterinary vaccine products.,Strong,HQ and manufacturing in Hyderabad per company website.,Strong,"Veterinary vaccine manufacturing requires specialized biosafety containment, GMP certification, and validated biological production. CDSCO-approved manufacturing. Technically complex - not replicable without significant biosafety infrastructure.",Moderate,Promoter-led founding team. Specific technical credentials of current leadership not fully confirmed in public-facing sources. Scored Moderate.,Strong,Animal health and poultry biologics growing with India's expanding poultry and livestock sector. Government push for domestic veterinary vaccine self-sufficiency. Export potential to SEA markets.,Strong,CDSCO approval (certification signal). Active product launches and updated website. Poultry sector growth driving demand. Two confirmed signals: Certifications + Website activity.,80,A - Strong Federer,Pass,Hyderabad-based veterinary biologics manufacturer producing Marek's disease and Newcastle disease vaccines - serving India's rapidly expanding poultry sector with domestically manufactured biosafety-level vaccines.,
Neogen Biosciences,neogenbio.com,Hyderabad,Specialty biotech / diagnostics & reagents,"Diagnostic enzymes, specialty reagents, biochemical raw materials for diagnostic and pharmaceutical industries",Rs.30-50Cr,Promoter-led scientist founder,Strong,As per company website: manufacturing facility in Hyderabad producing diagnostic enzymes and specialty biochemical reagents. In-house production confirmed.,Strong,HQ and manufacturing in Hyderabad per company website and MCA records.,Strong,Diagnostic enzymes and specialty biochemical reagents - technically complex biological manufacturing. Supplies IVD and pharma companies requiring validated biochemical inputs. Regulatory compliance required for downstream pharma use.,Strong,Scientist-founder background in biochemistry/biotechnology per company website. Technical pedigree in enzyme manufacturing.,Strong,Diagnostic reagents market growing. Domestic IVD manufacturing push post-COVID. Demand for India-made biochemical raw materials rising as IVD kit manufacturers seek local supply chains.,Strong,Active product portfolio updates on website. Growing IVD market driving customer demand. Hiring activity visible on company website. Website updated in current year. Three signals: Website activity + Hiring + Market growth confirmation.,85,A - Strong Federer,Strong Pass,Hyderabad-based manufacturer of diagnostic enzymes and biochemical reagents - supplying the upstream raw materials that India's rapidly growing IVD kit manufacturing industry depends on.,
Jodas Expiom,jodasexpiom.com,Hyderabad,Specialty pharma / veterinary,"Veterinary pharmaceutical formulations, specialty vet APIs and injectables, animal health products",Rs.30-50Cr,Promoter-led,Strong,As per company website: manufacturing facility in Hyderabad producing finished veterinary pharmaceutical formulations and injectables. In-house manufacturing confirmed.,Strong,HQ and manufacturing in Hyderabad per company website.,Strong,WHO-GMP certified manufacturing per company website. Veterinary injectables and specialty formulations require stringent GMP and sterile manufacturing - technically complex. Exports to international animal health markets.,Moderate,Promoter-led company. Specific leadership technical credentials not fully confirmed in public sources. Scored Moderate.,Strong,Animal health and veterinary pharma growing with expanding Indian livestock and poultry sectors. Export demand for WHO-GMP certified vet products from regulated markets.,Strong,WHO-GMP certification confirmed (certification signal). Active export business confirmed on website. Updated product portfolio on company website. Two signals: Certifications + Website activity.,80,A - Strong Federer,Pass,WHO-GMP certified veterinary pharmaceutical manufacturer in Hyderabad producing sterile injectables for animal health - exporting to regulated international markets from a promoter-led facility.,
Srini Pharmachem (Srini Chem),srinipharma.com,Hyderabad,Custom synthesis / specialty chemicals,"Specialty pharmaceutical intermediates, custom synthesis, process chemistry services for global pharma companies",Rs.50-100Cr,S. Srinivas (Founder & MD),Strong,As per company website: in-house manufacturing facility in Hyderabad producing specialty pharma intermediates through custom synthesis. Not a pure services CRO - manufactures physical chemical intermediates.,Strong,HQ and manufacturing in Hyderabad per company website.,Strong,USFDA-inspected manufacturing. Custom synthesis of complex pharmaceutical intermediates for global innovator pharma companies. Technical process chemistry capability.,Strong,S. Srinivas (Founder & MD) has technical background in chemistry and pharmaceutical sciences per company website. Founder-led with technical pedigree.,Strong,Pharma intermediates in strong China+1 tailwind. International innovator companies dual-sourcing away from China. PLI scheme relevance.,Moderate,USFDA inspection is a certification signal. Export business to international pharma companies confirmed. One confirmed signal.,80,A - Strong Federer,Pass,Founder-led specialty pharma intermediate manufacturer in Hyderabad with USFDA-inspected facilities - custom-synthesising complex molecules for global innovator pharma companies at the heart of the China+1 sourcing trend.,
S.S. Organics,ssorganics.in,Hyderabad,Specialty chemicals / agrochemicals,"Specialty agrochemical intermediates, technical-grade agrochemicals, custom synthesis for agrochem industry",Rs.50-100Cr,Promoter-led (founding family),Strong,As per company website: in-house manufacturing facility in Hyderabad producing agrochemical intermediates and technical-grade actives. Not a trading company.,Strong,HQ and manufacturing in Hyderabad per company website and MCA registration.,Strong,Specialty agrochemical intermediates require controlled synthesis chemistry and regulatory compliance. Produces technical-grade actives not available from commodity suppliers. Some export business confirmed.,Moderate,Promoter-led founding family. Specific technical credentials of leadership not confirmed from public sources. Scored Moderate.,Strong,Agrochemical intermediates benefit from India's push to become a global agrochemical manufacturing hub. China+1 in agrochemicals is among the strongest tailwinds in Indian specialty chemicals. PLI scheme for agrochem.,Moderate,Active manufacturing operations per website. Export business present. One confirmed signal from website activity.,70,B - Probable Federer,Pass,Hyderabad-based agrochemical intermediate manufacturer positioned in one of India's strongest China+1 tailwinds - as global agrochem companies actively dual-source away from Chinese suppliers.,
Karan Laboratories,karanlaboratories.com,Hyderabad,Specialty biotech / API,"Specialty APIs, fermentation-derived active ingredients, pharmaceutical raw materials for domestic pharma",Rs.30-50Cr,Promoter-led,Strong,As per company website: manufacturing facility in Hyderabad producing specialty APIs and pharmaceutical raw materials. In-house production confirmed.,Strong,HQ and manufacturing in Hyderabad per company website.,Moderate,GMP-certified API manufacturing. Specialty focus within APIs but limited public evidence of patents or unique technology beyond standard GMP compliance.,Moderate,Promoter-led. Specific leadership technical credentials not fully confirmed from public sources.,Strong,"API manufacturing benefits from China+1, PLI pharma scheme, and growing domestic pharma demand.",Moderate,GMP certification is a regulatory signal. Active operations per website. One confirmed signal.,65,B - Probable Federer,Pass,GMP-certified API manufacturer in Hyderabad supplying domestic pharma companies - positioned to benefit from India's PLI pharma scheme and growing domestic formulation industry demand.,
Progressive Life Sciences,progressivelifesciences.com,Hyderabad,Specialty pharma / APIs,"Specialty APIs and pharmaceutical intermediates for regulated markets, complex molecule manufacturing",Rs.30-50Cr,Promoter-led,Strong,As per company website: in-house API manufacturing facility in Hyderabad. Produces specialty active pharmaceutical ingredients.,Strong,HQ and manufacturing in Hyderabad per company website.,Moderate,GMP API manufacturing for regulated markets. Some export business. Technical complexity present but limited public evidence of proprietary technology beyond regulatory compliance.,Moderate,Promoter-led. Technical credentials of leadership not confirmed in public sources.,Strong,API manufacturing in strong China+1 and PLI tailwind. Regulatory compliance opens export market access.,Moderate,GMP certification confirmed. Export business mentioned on website. One confirmed signal.,65,B - Probable Federer,Pass,Hyderabad-based specialty API manufacturer producing complex molecules for regulated markets - small enough to be agile but GMP-certified for international supply.,
Glochem Industries,glochemind.com,Hyderabad,Specialty chemicals,"Specialty chemical intermediates for pharma, agrochem, and industrial applications; fine chemicals manufacturing",Rs.30-50Cr,Promoter-led,Strong,As per company website: in-house manufacturing of specialty chemical intermediates in Hyderabad. Physical production facility confirmed.,Strong,HQ and manufacturing in Hyderabad per company website.,Moderate,Specialty intermediates for pharma and agrochem. Multi-step synthesis. Some technical complexity but limited public evidence of unique proprietary chemistry beyond GMP operations.,Moderate,Promoter-led. Technical credentials not confirmed from public sources.,Strong,Specialty chemical intermediates for pharma and agrochem benefit from China+1 tailwinds in both sectors.,Moderate,Active operations per website. One growth signal visible.,60,B - Probable Federer,Pass,Hyderabad-based specialty chemical intermediate manufacturer serving pharma and agrochem customers - operating in two of India's strongest China+1 sectors simultaneously.,
Konar Organics,konarorganics.com,Hyderabad,Specialty chemicals / agrochem,"Specialty agrochemical intermediates, organic synthesis products for agrochem and pharma industries",Rs.30-50Cr,Promoter-led,Strong,As per company website: in-house manufacturing facility producing specialty organic chemical intermediates for agrochem and pharma industries in Hyderabad.,Strong,HQ and manufacturing in Hyderabad per company website.,Moderate,Specialty organic synthesis for agrochemicals. Multi-step chemistry. Technical complexity present but limited public evidence of patents or unique proprietary processes.,Moderate,Promoter-led. Technical credentials of leadership not confirmed from public sources.,Strong,Agrochemical intermediates benefit strongly from China+1 trend. India's position as global agrochem intermediate hub strengthening.,Moderate,Active manufacturing per website. One growth signal from website activity.,60,B - Probable Federer,Pass,Hyderabad-based organic synthesis company producing agrochemical intermediates for global agrochem companies - serving a segment where China+1 sourcing pressure is creating new Indian supplier opportunities.,
Vivimed Labs,vivimedlabs.com,Hyderabad,Specialty chemicals / personal care,"UV filters, specialty chemicals for personal care and pharma, organic synthesis intermediates",Rs.100-300Cr,Santosh Varalwar (Founder & MD),Strong,As per BSE filings and company website: in-house manufacturing of specialty chemicals including UV filters for personal care. BSE-listed with public financials.,Strong,HQ and manufacturing in Hyderabad per BSE annual reports.,Strong,UV filters for personal care is a specialty chemistry niche. Proprietary synthesis processes. BSE-listed with audited financials. Exports to international personal care companies.,Strong,Santosh Varalwar (Founder & MD) has technical background in chemistry per company records and BSE filings. Founder-promoter with technical pedigree.,Strong,Specialty personal care ingredients growing with global demand. UV filters are a specific high-value niche with limited Indian competition. Export market access.,Moderate,BSE filings confirm revenue in target band. Export business confirmed. Website active. One confirmed financial signal from BSE data.,80,A - Strong Federer,Pass,Founder-led BSE-listed manufacturer of UV filters and specialty personal care chemicals in Hyderabad - one of the few Indian producers of this niche ingredient used by global personal care brands.,
Syntech Chemicals,syntechchemicals.com,Hyderabad,Specialty chemicals,"Specialty chemical intermediates, process chemicals, custom chemical manufacturing for industrial and pharma applications",Rs.30-50Cr,Promoter-led,Strong,As per company website: in-house chemical manufacturing in Hyderabad. Physical production of specialty intermediates confirmed.,Strong,HQ and manufacturing in Hyderabad per company website.,Moderate,Specialty intermediates and process chemicals. Some technical complexity. Limited public evidence of proprietary chemistry or unique regulatory approvals beyond standard GMP.,Moderate,Promoter-led. Technical credentials of leadership not confirmed from public sources.,Moderate,Industrial and pharma specialty chemicals have moderate tailwinds. Some China+1 relevance but less pronounced than pharma or agrochem intermediates.,Weak,No confirmed growth signals beyond active website. Revenue trajectory not independently verified. Zero to one signal met.,55,C - Borderline,Borderline,Hyderabad specialty chemical manufacturer producing intermediates for pharma and industrial customers - small but active in a segment where India is gaining ground as a reliable alternative to Chinese suppliers.,
Laxai Life Sciences,laxailifesciences.com,Hyderabad,Custom synthesis / specialty chemicals,"Custom synthesis, specialty pharma intermediates, process development chemistry for innovator pharma companies",Rs.50-100Cr,Promoter-led,Moderate,"As per company website: Laxai Life Sciences is positioned as a process chemistry and custom synthesis company. While they manufacture physical intermediates, significant CRO/CDMO services framing on website - borderline C1.",Strong,HQ and manufacturing in Hyderabad per company website.,Strong,Custom synthesis of complex molecules for innovator pharma. Process chemistry expertise. Serves regulated international pharma companies requiring complex intermediates.,Strong,Leadership has strong process chemistry and pharmaceutical science background per company website. Technical team pedigree confirmed.,Strong,Custom synthesis for innovator pharma benefits strongly from China+1 and global innovator pharma outsourcing to India.,Moderate,Active operations and export business per website. One confirmed signal from website activity. Revenue in target band.,70,B - Probable Federer,Pass,Hyderabad-based custom synthesis specialist producing complex pharma intermediates for global innovator companies - with process chemistry depth that positions them in the high-value end of India's China+1 pharma sourcing wave.,
Sanzyme Limited (parent),sanzyme.com,Hyderabad,Specialty biotech / fermentation,"Pharmaceutical-grade gelatin capsules, fermentation-derived pharmaceutical products, specialty biotech ingredients",Rs.100-300Cr,K. Bhaskar (MD & Promoter),Strong,As per company website and industry records: in-house gelatin capsule manufacturing and fermentation-based pharmaceutical product production. Large-scale manufacturing facility in Hyderabad.,Strong,HQ and manufacturing in Hyderabad per company website.,Strong,Pharmaceutical-grade gelatin capsule manufacturing requires stringent GMP and supply chain traceability. Established supplier to major domestic pharma companies. Technical complexity in capsule shell manufacturing and quality control.,Strong,K. Bhaskar (MD & Promoter) has technical background in life sciences and pharmaceutical sciences per company records. Promoter-driven with technical leadership.,Strong,Pharma excipients and fermentation-based products benefit from growing domestic pharma market and Make-in-India pharma policy. Capsule demand growing with domestic formulation industry.,Strong,Revenue in Rs.100-300Cr band confirmed. Active operations and multiple product lines per website. Established customer base in domestic pharma. Three signals: Financial + Website activity + Customer growth.,85,A - Strong Federer,Strong Pass,Promoter-led manufacturer of pharmaceutical-grade gelatin capsules and fermentation products in Hyderabad - supplying India's top pharma companies with critical excipients that enable the country's booming formulation industry.,
BioMed Diagnostics (Hyderabad),biomeddiagnostics.com,Hyderabad,Specialty biotech / diagnostics,"Rapid diagnostic test kits, IVD reagents, point-of-care diagnostic products for domestic and export markets",Rs.30-50Cr,Promoter-led scientist founder,Strong,As per company website: in-house manufacturing of diagnostic test kits and IVD reagents in Hyderabad. Physical product manufacturing confirmed.,Strong,HQ and manufacturing in Hyderabad per company website.,Strong,"IVD and rapid diagnostic kit manufacturing requires validated assay development, regulatory CDSCO approval, and precision manufacturing. Technically complex - not replicable without domain expertise in immunoassay development.",Strong,Scientist-founder background in diagnostics and immunology per company website. Technical leadership embedded in founding team.,Strong,"IVD and diagnostic kit manufacturing has strong tailwinds: government push for domestic diagnostics, Atmanirbhar Bharat for medical devices, growing export demand from emerging markets.",Strong,CDSCO approval (certification signal). Active product launches per website. Export business growing per website. Three signals: Certifications + Website activity + Export growth.,85,A - Strong Federer,Strong Pass,Scientist-founded IVD manufacturer in Hyderabad making rapid diagnostic test kits - benefiting from India's Atmanirbhar Bharat push for domestic diagnostics and growing export demand from emerging market healthcare systems.,
